Candidate Name,Party,Status,State,Constituency
SANGEETA MOHAN CHENDAVANKAR,Maharashtra Navnirman sena,Applied,Maharashtra,MURBAD
ASHOK DATTATRAY KALE,Independent,Applied,Maharashtra,AMBEGAON
DIPAK DATTARAM GHOLAP PATIL,Hindustan Jansewa Paksh,Applied,Maharashtra,AMBEGAON
ANSARI RAHIL AHAMAD MOHAMMAD HANEEF,Social Democratic Party Of India,Applied,Maharashtra,MALEGAON CENTRAL
SAKIB AKHLAK AHMED,Independent,Applied,Maharashtra,MALEGAON CENTRAL
FARHAN SHAKEEL AHAMAD,Minorities Democratic Party,Applied,Maharashtra,MALEGAON CENTRAL
SANJAY MOTIRAMJI MONDHORIYA,Apni Prajahit Party,Applied,Maharashtra,SAVNER
KALIM AKHTAR MOHAMAD YUSUF,Independent,Applied,Maharashtra,MALEGAON CENTRAL
RAJENDRA MANIKRAO ATRAM,Independent,Applied,Maharashtra,SAVNER
RAFEEQ AHAMAD SHABBIR RAZA,Independent,Applied,Maharashtra,MALEGAON CENTRAL
PANKAJ UMAJI BAGDE,Independent,Applied,Maharashtra,SAVNER
SHOEB KHAN GULAB KHAN,Independent,Applied,Maharashtra,MALEGAON CENTRAL
RAJESH SHRIRAM SHRIKHANDE,Janhit Lokshahi Party,Applied,Maharashtra,SAVNER
MUKESH SUBHASH MITTAL,Independent,Applied,Maharashtra,SAVNER
VINOD BAPURAO JIVTODE GURUJI,Independent,Applied,Maharashtra,SAVNER
NIKHADE GHANASHYAM DAULATRAO,Maharashtra Navnirman sena,Applied,Maharashtra,SAVNER
RAMESH SHAMRAO WARTHI,Independent,Applied,Maharashtra,SAVNER
MEHMOOD YUSUF SIDDIQUI,Independent,Applied,Maharashtra,SAVNER
GAJANAN BHINGARE,Independent,Applied,Maharashtra,SAVNER
ADV PRADIP SHALIKRAM SOMKUWAR,Independent,Applied,Maharashtra,SAVNER
ASHISH DESHMUKH,Independent,Applied,Maharashtra,SAVNER
TARABAI BABULALJI GAURAKAR,Bahujan Samaj Party,Applied,Maharashtra,SAVNER
DR ASHISHRAO DESHMUKH,Bharatiya Janata Party,Applied,Maharashtra,SAVNER
DR ASHISHRAO DESHMUKH,Bharatiya Janata Party,Applied,Maharashtra,SAVNER
DR ASHISHRAO DESHMUKH,Bharatiya Janata Party,Applied,Maharashtra,SAVNER
ANUJA SUNIL KEDAR,Indian National Congress,Applied,Maharashtra,SAVNER
DR PRANAY SUBHASH CHANDEKAR,Prahar Janshakti Party,Applied,Maharashtra,SAVNER
AJAY KUNDALIK SAHARE,Vanchit Bahujan  Aaghadi,Applied,Maharashtra,SAVNER
DR ASHISHRAO DESHMUKH,Bharatiya Janata Party,Applied,Maharashtra,SAVNER
RISHIKESH(BUNTY) NARAYAN SHELKE,Indian National Congress,Applied,Maharashtra,NAGPUR CENTRAL
RAJKUMAR GAYAPRASAD SHAHU,Independent,Applied,Maharashtra,NAGPUR CENTRAL
MUKHTAR AHMED AKHTAR HUSSAIN KHAN,Peace Party,Applied,Maharashtra,COLABA
IRFAN AHMAD,Independent,Applied,Maharashtra,NAGPUR CENTRAL
MUKHTAR AHMED AKHTAR HUSSAIN KHAN,Peace Party,Applied,Maharashtra,COLABA
RAJU PUNJARAM KAMBE,Independent,Applied,Maharashtra,SAVNER
ASLAM KHAN RASHEED KHAN,Indian Union Muslim League,Applied,Maharashtra,NAGPUR CENTRAL
SADDAM FIROJ KHAN,Independent,Applied,Maharashtra,COLABA
BOJRAJ JAGANNATH BHUTE,Rashtra Samarpan Party,Applied,Maharashtra,SAVNER
SHAKIL AHMED,Independent,Applied,Maharashtra,NAGPUR CENTRAL
MUHAMMED RIZWAN COATWALA,Independent,Applied,Maharashtra,COLABA
GULAB MANSARAM SAHU,Independent,Applied,Maharashtra,NAGPUR CENTRAL
NASEERUDDIN SHEIKH,Minorities Democratic Party,Applied,Maharashtra,NAGPUR CENTRAL
AMOL RANJEET DESHMUKH,Independent,Applied,Maharashtra,SAVNER
ADV RAHUL SURESH NARWEKAR,Bharatiya Janata Party,Applied,Maharashtra,COLABA
VINAYAK MADHORAO PARATE (PATTIWALE),Independent,Applied,Maharashtra,NAGPUR CENTRAL
ZULFEQAR AHMAD ANSARI,Minorities Democratic Party,Applied,Maharashtra,NAGPUR CENTRAL
ASHOK BAPURAO NANWATKAR,Bhim Sena,Applied,Maharashtra,SAVNER
MOHD ZAKKI MOHD ABDUL REHMAN SHAIKH,Independent,Applied,Maharashtra,COLABA
SAYYAD SUFIYAN,Independent,Applied,Maharashtra,NAGPUR CENTRAL
DIPAK GAJANAN UMREDKAR,Independent,Applied,Maharashtra,NAGPUR CENTRAL
AKBAR SHAMIM SONAWALA,Maharashtra Navnirman sena,Applied,Maharashtra,NANDGAON
JANRAO MAHADEVRAO KEDAR,Indian National Congress,Applied,Maharashtra,SAVNER
JORGEWAR KOMAL KISHOR,Independent,Applied,Maharashtra,CHANDRAPUR
FIROZ SHAIKH KARIM SHAIKH,Independent,Applied,Maharashtra,NANDGAON
MORESHWAR KODUJI BADOLE,Independent,Applied,Maharashtra,CHANDRAPUR
MOHAMMED SHAKEEL MOHAMMAD WAKEEL KHAN,Independent,Applied,Maharashtra,NAGPUR CENTRAL
HEERA NAWAJI DEVASI,Indian National Congress,Applied,Maharashtra,COLABA
ADV VISHAL SHAMRAO RANGARI,Bahujan Republican  Socialist Party,Applied,Maharashtra,CHANDRAPUR
GAIKWAD ASHISH SHIVAJIRAO,Independent,Applied,Maharashtra,NANDGAON
GAIKWAD ASHISH SHIVAJIRAO,Independent,Applied,Maharashtra,NANDGAON
DIWAKAR VASANT KADU,Independent,Applied,Maharashtra,SAVNER
GANGADHAR NAGORAO PATHRABE,Independent,Applied,Maharashtra,NAGPUR CENTRAL
ANAND SURESHRAO INGLE,Independent,Applied,Maharashtra,CHANDRAPUR
GAIKWAD ASHISH SHIVAJIRAO,Independent,Applied,Maharashtra,NANDGAON
MOHAMMAD AFZAL BAGSARYA,Independent,Applied,Maharashtra,COLABA
SANJAY NILKANTH GAWANDE,Independent,Applied,Maharashtra,CHANDRAPUR
DHANANJAY KRISHNAJI DHAPODKAR,Independent,Applied,Maharashtra,NAGPUR CENTRAL
DHNYANDEO BHAJAN HUMANE,Independent,Applied,Maharashtra,CHANDRAPUR
VALMIK SANJAY NIKAM,Independent,Applied,Maharashtra,NANDGAON
DEVANAND NAMDEORAO LANDGE,Indian National Congress,Applied,Maharashtra,CHANDRAPUR
DHIRAJ BHOJRAJ GAJBHIYE,Independent,Applied,Maharashtra,NAGPUR CENTRAL
DEVANAND NAMDEORAO LANDGE,Independent,Applied,Maharashtra,CHANDRAPUR
SUDHAKAR RAMCHANDRA KAMDI,Independent,Applied,Maharashtra,SAVNER
SUNIL SHIVAJI JADHAV,Prahar Janshakti Party,Applied,Maharashtra,NANDGAON
MANOHAR GOPAL JADHAV,Vanchit Bahujan  Aaghadi,Applied,Maharashtra,COLABA
MILIND JAGAN GAJBIYE,Bahujan Samaj Party,Applied,Maharashtra,NAGPUR CENTRAL
BHIMANWAR SANJAY PARSHURAM,Rashtriya Samaj Paksha,Applied,Maharashtra,CHANDRAPUR
HAJI MOHAMMAD KALAM HAJI  ABDUL KARIM,Independent,Applied,Maharashtra,NAGPUR CENTRAL
SNEHAL DEVANAND RAMTEKE,Vanchit Bahujan  Aaghadi,Applied,Maharashtra,CHANDRAPUR
RAJENDRA BHAU PATOLE,Independent,Applied,Maharashtra,PHALTAN
SHINDE SIDDESHWAR MURLIDHAR,Janhit Lokshahi Party,Applied,Maharashtra,NANDGAON
GAJANAN SHIVRAM WAZIRE,Independent,Applied,Maharashtra,MURTIZAPUR
SNEHAL DEVANAND RAMTEKE,Vanchit Bahujan  Aaghadi,Applied,Maharashtra,CHANDRAPUR
PRAVIN PRABHAKARRAO DATKE,Bharatiya Janata Party,Applied,Maharashtra,NAGPUR CENTRAL
MOHAMMAD ALIM SHAIKH,Independent,Applied,Maharashtra,COLABA
ARUN DEVIDAS KAMBLE,Republican Party of India,Applied,Maharashtra,CHANDRAPUR
GANGARAM ARUN RANDIVE,Independent,Applied,Maharashtra,PHALTAN
VANDANA PADMAKAR WASNIK,Independent,Applied,Maharashtra,MURTIZAPUR
PRAVIN PRABHAKARRAO DATKE,Bharatiya Janata Party,Applied,Maharashtra,NAGPUR CENTRAL
PRAVIN DAULATRAO PAGARE,Bahujan Samaj Party,Applied,Maharashtra,NANDGAON
JORAGEWAR KISHOR GAJANAN,Independent,Applied,Maharashtra,CHANDRAPUR
GHATODE PANKAJ MANOHARRAO,Independent,Applied,Maharashtra,SAVNER
JORAGEWAR KISHOR GAJANAN,Independent,Applied,Maharashtra,CHANDRAPUR
NITIN BHANUDAS LONDHE,Independent,Applied,Maharashtra,PHALTAN
JORAGEWAR KISHOR GAJANAN,Bharatiya Janata Party,Applied,Maharashtra,CHANDRAPUR
SANJAY RAMRAO HEDAOO,Independent,Applied,Maharashtra,NAGPUR CENTRAL
CHAND MOHAMMED SHEIKH,Independent,Applied,Maharashtra,COLABA
VISHAL SHIVAJI WADGHULE,Independent,Applied,Maharashtra,NANDGAON
BHIKAJI SHRAWAN AWCHAR,Maharashtra Navnirman sena,Applied,Maharashtra,MURTIZAPUR
SURAJ BALRAM MISHRA,All India Forward Bloc,Applied,Maharashtra,NAGPUR CENTRAL
ASHISH ASHOK MASHIRKAR,Independent,Applied,Maharashtra,CHANDRAPUR
CHANDRAKANT ALIAS SACHIN RAJARAM BHALERAO,Independent,Applied,Maharashtra,PHALTAN
GAUTAM NANAJI GAIKWAD,Bahujan Samaj Party,Applied,Maharashtra,NANDGAON
SAMRAT MANIKRAO SURWADE,All India Majlis-E-Ittehadul Muslimeen,Applied,Maharashtra,MURTIZAPUR
GANESH NANDKUMAR WAGHMARE,Independent,Applied,Maharashtra,PHALTAN
ASHISH ASHOK MASHIRKAR,Independent,Applied,Maharashtra,CHANDRAPUR
MAHADEV BAPURAO GAWALE,Independent,Applied,Maharashtra,MURTIZAPUR
MAKARAND SURESH NARWEKAR,Bharatiya Janata Party,Applied,Maharashtra,COLABA
NANDOO SAMBHAJI MORE,Independent,Applied,Maharashtra,PHALTAN
SACHIN VILAS GHADGE,Independent,Applied,Maharashtra,NANDGAON
ASHISH SHANKARAO MOHADIKAR,Kunbi Bahujan Sawrajya Party,Applied,Maharashtra,NAGPUR CENTRAL
MAHESH PANDURANG GHANGAON,Independent,Applied,Maharashtra,MURTIZAPUR
VIKASRAJE BAPUSAHEB KEDARI,Independent,Applied,Maharashtra,BHOSARI
RAJESH SHIVSHANKAR DHAKATE,Independent,Applied,Maharashtra,NAGPUR CENTRAL
GAUTAM WAMANRAO KAKADE,Independent,Applied,Maharashtra,PHALTAN
ARUN SAKHARAM GAWAI,Independent,Applied,Maharashtra,MURTIZAPUR
ROHAN NIMBAJI BORSE,Independent,Applied,Maharashtra,NANDGAON
SABEEHA BANO JAINUL ABADIN KHAN,Independent,Applied,Maharashtra,COLABA
MUKESH ANEKLAL GANGOTRI,Independent,Applied,Maharashtra,NAGPUR CENTRAL
SANTOSH KALURAM LANDGE,Independent,Applied,Maharashtra,BHOSARI
RAJSHREE HARISH KHADSE,Independent,Applied,Maharashtra,MURTIZAPUR
GORAKH RAGHO AMRALE,Independent,Applied,Maharashtra,NANDGAON
BVABAN RAMDAS KASWATE,Independent,Applied,Maharashtra,CHANDRAPUR
BUVASAHEB HUMBARE,Independent,Applied,Maharashtra,PHALTAN
RAMESH GANPATI PUNEKAR,Independent,Applied,Maharashtra,NAGPUR CENTRAL
RAJESH ABHIMANU WANKHEDE,Independent,Applied,Maharashtra,AMBERNATH
BRIJBHUSHAN MAHADEO PAZARE,Independent,Applied,Maharashtra,CHANDRAPUR
KAILASH NATTHUJI WAGHMARE,Independent,Applied,Maharashtra,NAGPUR CENTRAL
RAMESH TUKARAM ADHAV,Independent,Applied,Maharashtra,PHALTAN
GULAMNABI YUSUF MANSURI,All India Majlis-E-Inquilab-E-Millat,Applied,Maharashtra,COLABA
GANESH KASHINATH DHATRAK,Independent,Applied,Maharashtra,NANDGAON
RAMESH TUKARAM ADHAV,Swabhimani Paksha,Applied,Maharashtra,PHALTAN
RAJU KOMRAYYA DIKONDA,Abhinav Bharat Janseva Paksh,Applied,Maharashtra,AMBERNATH
LAXMIBAI EKNATH GAYAKWAD,Independent,Applied,Maharashtra,NANDGAON
JAYSHRI DIGAMBAR AGAWANE,Rashtriya Samaj Paksha,Applied,Maharashtra,PHALTAN
SUSHILA KASHINATH KAMBLE,Bahujan Samaj Party  (Ambedkar),Applied,Maharashtra,AMBERNATH
VINOD BABULAL SADAFALE,Independent,Applied,Maharashtra,MURTIZAPUR
JAYSHRI DIGAMBAR AGAWANE,Independent,Applied,Maharashtra,PHALTAN
PARMESHWAR GOVINDRAO BURLE,Rashtriya Samaj Paksha,Applied,Maharashtra,BHOSARI
VILAS HARI BORLE,Lokshahi Ekta Party,Applied,Maharashtra,COLABA
BHAURAO SUKHDEORAO TAYADE,Independent,Applied,Maharashtra,MURTIZAPUR
BHANESH RAJAM MATHANGI,Independent,Applied,Maharashtra,CHANDRAPUR
SAHIL BALCHAND TURKAR,Independent,Applied,Maharashtra,NAGPUR CENTRAL
ASHOK RAGHUNATH PATIL,Independent,Applied,Maharashtra,NANDGAON
ADV RAHUL ARUN GHOTEKAR,Independent,Applied,Maharashtra,CHANDRAPUR
DIGAMBER ROHIDAS AGAWANE,Independent,Applied,Maharashtra,PHALTAN
YOGESH SHIVAJI TILEKAR,Independent,Applied,Maharashtra,HADAPSAR
ADV RAHUL ARUN GHOTEKAR,Independent,Applied,Maharashtra,CHANDRAPUR
GOPALRAO HARIBHAU KATALE,Independent,Applied,Maharashtra,MURTIZAPUR
DIGAMBER ROHIDAS AGAWANE,Rashtriya Samaj Paksha,Applied,Maharashtra,PHALTAN
HARI DATTATRAY SAWANT,Janhit Lokshahi Party,Applied,Maharashtra,HADAPSAR
JAYSHRI KUNAL SHINDE,Independent,Applied,Maharashtra,NANDGAON
RUPESH BABANRAO THORAT,Rashtriya Samaj Paksha,Applied,Maharashtra,AMBERNATH
YASHWANT GOVIND INGOLE,Independent,Applied,Maharashtra,MURTIZAPUR
RAVI PRAKASH JADHAV,Vanchit Bahujan  Aaghadi,Applied,Maharashtra,COLABA
BHAPKAR MARUTI SAHEBRAO,Maharashtra Swarajya party,Applied,Maharashtra,BHOSARI
PRAVARTAN DEORAO AWALE,Independent,Applied,Maharashtra,CHANDRAPUR
PRASHANT SUDAM JAGTAP,Nationalist Congress Party – Sharadchandra Pawar,Applied,Maharashtra,HADAPSAR
APARNA SURESH JADHAV,Independent,Applied,Maharashtra,AMBERNATH
PRASHANT SUDAM JAGTAP,Nationalist Congress Party – Sharadchandra Pawar,Applied,Maharashtra,HADAPSAR
SOMESHWAR RAJKUMAR KADAM,Independent,Applied,Maharashtra,BEED
ADV VIKAS BABURAO DHAGE,Bahujan Samaj Party  (Ambedkar),Applied,Maharashtra,LATUR RURAL
DR.SHEFALI BHUJBAL,Independent,Applied,Maharashtra,NANDGAON
AMRUTA PRASHANT JAGTAP,Nationalist Congress Party – Sharadchandra Pawar,Applied,Maharashtra,HADAPSAR
HINDURAO NANA GAIKWAD,Independent,Applied,Maharashtra,PHALTAN
VANITA VINOD KATALE,Independent,Applied,Maharashtra,OSMANABAD
MAHESH MAROTRAO MENDHE,Independent,Applied,Maharashtra,CHANDRAPUR
CHANDRAKANT TUKARAM BHARATE,Independent,Applied,Maharashtra,PARANDA
RAJENDRA BHOJRAJ RAWALKAR,Bahujan Samaj Party,Applied,Maharashtra,HADAPSAR
RAJENDRA BHOJRAJ RAWALKAR,Bahujan Samaj Party,Applied,Maharashtra,HADAPSAR
DAYARAM BONDRU GHODE,Independent,Applied,Maharashtra,MURTIZAPUR
SUJATA GOVIND GAIKWAD,Independent,Applied,Maharashtra,AMBERNATH
SUHAS BAPURAO KANDE,Independent,Applied,Maharashtra,NANDGAON
ARIF RAJJAK TADVI,Independent,Applied,Maharashtra,NANDURBAR
KUNAL NARAYAN PAWAR,Bahujan Mukti Party,Applied,Maharashtra,COLABA
RAJU CHINAYYA ZODE,Independent,Applied,Maharashtra,CHANDRAPUR
PRAVIN PRABHAKARRAO DATKE,Bharatiya Janata Party,Applied,Maharashtra,NAGPUR CENTRAL
AMOL KUSHABA AVAGHADE,Independent,Applied,Maharashtra,PHALTAN
ADV VISHVJEET VIJAYKUMAR SHINDE,Indian National Congress,Applied,Maharashtra,OSMANABAD
AZHAR BASHA TAMBOLI,Social Democratic Party Of India,Applied,Maharashtra,HADAPSAR
PRAKASH SAKHARAM DOLAS,Independent,Applied,Maharashtra,BHOSARI
BIBHISHAN SHAHURAJ KADAM,Independent,Applied,Maharashtra,LATUR RURAL
ADV. MANGESH SHANKAR SASANE,Independent,Applied,Maharashtra,HADAPSAR
NITESH SHIVAJI PAWAR,Hindrashtra Sangh,Applied,Maharashtra,OSMANABAD
SUHAS DWARKANATH KANDE,Independent,Applied,Maharashtra,NANDGAON
RAJU CHINAYYA ZODE,Independent,Applied,Maharashtra,CHANDRAPUR
BHISE HARIDAS CHANDAR,Bharatiya Lokvikas Party,Applied,Maharashtra,HADAPSAR
SAU SUJATA VIJAY AJANIKAR,Independent,Applied,Maharashtra,LATUR RURAL
SACHIN JALANDAR BHISE,Vanchit Bahujan  Aaghadi,Applied,Maharashtra,PHALTAN
ARIF RAJJAK TADVI,Independent,Applied,Maharashtra,NANDURBAR
SHRAVAN KUNDLIK KHANDARE,Peoples Party of India (Democratic),Applied,Maharashtra,MURTIZAPUR
SANDEEP MADHU AGARWAL,Bhim Sena,Applied,Maharashtra,NAGPUR CENTRAL
MOHAMMAD ISMAILE JUMMAN,Independent,Applied,Maharashtra,MALEGAON CENTRAL
ANJUM SUHAS KANDE,Independent,Applied,Maharashtra,NANDGAON
AZHAR BASHA TAMBOLI,Social Democratic Party Of India,Applied,Maharashtra,HADAPSAR
GANGADHAR VITTHAL BADHE,Independent,Applied,Maharashtra,HADAPSAR
ARJUN GANPAT RUKHE,Bahujan Samaj Party,Applied,Maharashtra,COLABA
VIJAY RAGHUNATHRAO AJANIKAR,Vanchit Bahujan  Aaghadi,Applied,Maharashtra,LATUR RURAL
GUNAJI SAMBHAJI MORE,Netaji Congress Sena,Applied,Maharashtra,HADAPSAR
BABA FAIZODDIN SHAIKH,Bharatiya Congress  Paksha,Applied,Maharashtra,OSMANABAD
RATAN PRALHAD GAIKAWAD,Independent,Applied,Maharashtra,CHANDRAPUR
MALTI DINKAR VALVI,Independent,Applied,Maharashtra,NANDURBAR
VIJAY RAGHUNATHRAO AJANIKAR,Vanchit Bahujan  Aaghadi,Applied,Maharashtra,LATUR RURAL
RAJKUMAR NARAYAN NACHNE,Independent,Applied,Maharashtra,MURTIZAPUR
BHIMRAO VITTHAL BABAR,Rashtriya Samaj Paksha,Applied,Maharashtra,PHALTAN
SAYYED HABIB YASIN,Independent,Applied,Maharashtra,HADAPSAR
MOHAMMAD KHALID ABDUL RASHEED,Indian Secular Largest Assembly of Maharashtra,Applied,Maharashtra,MALEGAON CENTRAL
ROHIDAS SUBRAO SHINDE,Independent,Applied,Maharashtra,PARANDA
RAJKUMAR NARAYAN NACHNE,Independent,Applied,Maharashtra,MURTIZAPUR
SHITAL SANTOSH GOVARI,Vanchit Bahujan  Aaghadi,Applied,Maharashtra,BOISAR
KRUSHNA KASHINATH YADAV,Independent,Applied,Maharashtra,PHALTAN
SUDHIR BHARAT MATE,Independent,Applied,Maharashtra,HADAPSAR
ASHOK LAKSHMANRAO MHASKE,Independent,Applied,Maharashtra,CHANDRAPUR
NARSING BHAGWAN NADE,Independent,Applied,Maharashtra,LATUR RURAL
SANTOSH DEVIDAS INGLE,Independent,Applied,Maharashtra,MURTIZAPUR
GANGADHAR VITTHAL BADHE,Shiv Sena (Uddhav Balasaheb Thackeray),Applied,Maharashtra,HADAPSAR
SAMADHAN BHARAT SHINDE,Maharashtra Swarajya party,Applied,Maharashtra,LATUR RURAL
LAWRENCE JOHN GREGORY,Independent,Applied,Maharashtra,NAGPUR WEST
SANDEEP SAHEBRAO LAHANE,Independent,Applied,Maharashtra,HADAPSAR
SHAILESH DASHRATH BHUTKADE,Maharashtra Navnirman sena,Applied,Maharashtra,BOISAR
SAMADHAN BHARAT SHINDE,Maharashtra Swarajya party,Applied,Maharashtra,LATUR RURAL
MOHAMMAD ISMAILE ABDUL KHALIQ,Independent,Applied,Maharashtra,MALEGAON CENTRAL
SHIVAJI PANDURANG KAPSE,Independent,Applied,Maharashtra,OSMANABAD
BALRAJ URF BANDUDAS UDDHAVRAO KATKE,Bahujan Samaj Party,Applied,Maharashtra,BHOSARI
ASHOK ANANDRAO DHAPODKAR,Independent,Applied,Maharashtra,NAGPUR CENTRAL
RAVI RAMESHCHANDRA RATHI,Independent,Applied,Maharashtra,MURTIZAPUR
PRATIK VITHAL DORLIKAR,All Indian Republican Party,Applied,Maharashtra,CHANDRAPUR
JAGDISH BHAGWAN DHODI,Independent,Applied,Maharashtra,BOISAR
JANU,Independent,Applied,Maharashtra,AMBERNATH
INDRAJEET SUKHDEV GHADGE,Independent,Applied,Maharashtra,BHIWANDI WEST
AKSHAY VIKASRAO DESHMUKH,Rashtriya Maratha Party,Applied,Maharashtra,LATUR RURAL
AKSHAY VIKASRAO DESHMUKH,Rashtriya Maratha Party,Applied,Maharashtra,LATUR RURAL
DILIP KISANRAO PAWAR,Independent,Applied,Maharashtra,PARANDA
AFROZ MULLA,Vanchit Bahujan  Aaghadi,Applied,Maharashtra,HADAPSAR
ARUN YASHWANTRAO BHAGAT,Jan Janwadi Party,Applied,Maharashtra,NAGPUR WEST
BABASAHEB KINCHAK MUNDE,Janhit Lokshahi Party,Applied,Maharashtra,OSMANABAD
BHAVANSING PAWANSING SHEWALE,Independent,Applied,Maharashtra,NANDURBAR
MOHAMMAD JUBAIR MEMON,Prahar Janshakti Party,Applied,Maharashtra,HADAPSAR
RAVI RAMESHCHANDRA RATHI,Independent,Applied,Maharashtra,MURTIZAPUR
AYAZ NIYAZ AHAMAD SHAIKH,Independent,Applied,Maharashtra,BHIWANDI WEST
NARAYAN SHRIRAM GAIKWAD,Independent,Applied,Maharashtra,AMBERNATH
AJINATH BALU BHAVAR,Bahujan Samaj Party,Applied,Maharashtra,BOISAR
KISHOR SHYAMSUNDER SAMUNDRE,Independent,Applied,Maharashtra,NAGPUR CENTRAL
SUREKHA NANDAKISHOR PATIL,Bharatiya Janata Party,Applied,Maharashtra,MALEGAON CENTRAL
ADV DHIRAJ SHAMRAO PAZARE,Independent,Applied,Maharashtra,NAGPUR WEST
DATTA SUDAM GAIKWAD,Independent,Applied,Maharashtra,BEED
GANESH JAGANNATH DHATRAK,Shiv Sena (Uddhav Balasaheb Thackeray),Applied,Maharashtra,NANDGAON
AJINATH BALU BHAVAR,Bahujan Samaj Party,Applied,Maharashtra,BOISAR
DNYANESHWAR SHANKARRAO  BHOKARE,Independent,Applied,Maharashtra,HADAPSAR
GANESH JAGANNATH DHATRAK,Shiv Sena (Uddhav Balasaheb Thackeray),Applied,Maharashtra,NANDGAON
RAMESH UTTAMRAO KARAD,Independent,Applied,Maharashtra,LATUR RURAL
SHRI DATTATRY KONDIBA JAGATAP,Independent,Applied,Maharashtra,BHOSARI
VIJAY DEVAJI WADHIA,Maharashtra Navnirman sena,Applied,Maharashtra,DAHANU
AMIRUL HASAN SAYYAD,Changemakers Party,Applied,Maharashtra,BHIWANDI WEST
AVINASH ATMARAM MORE,Independent,Applied,Maharashtra,BEED
USMAN RASHID SHAIKH,Akhil Bhartiya Ekata Party,Applied,Maharashtra,HADAPSAR
UMESH JAYRAM BAGDE,Independent,Applied,Maharashtra,RAMTEK
PRAMOD RAGHUNATH BAWANE,Independent,Applied,Maharashtra,NAGPUR WEST
RAJESH JAYSINGH ASRONDKAR,Independent,Applied,Maharashtra,AMBERNATH
BHARTI NAIK,Rashtriya Swarajya Sena,Applied,Maharashtra,VANDRE WEST
ANAND SURESH SHINGARE,Vanchit Bahujan  Aaghadi,Applied,Maharashtra,NANDGAON
LAXMIKANT MANIKRAO JOGDAND,Independent,Applied,Maharashtra,LATUR RURAL
PRASAD SURESH PARHAD,Independent,Applied,Maharashtra,BOISAR
RAMDAS SUBHASHRAO KOLAGE,Independent,Applied,Maharashtra,OSMANABAD
PRAKASH UDHAORAO TAKSANDE,Independent,Applied,Maharashtra,CHANDRAPUR
BALASO MARUTI KAMBLE,Independent,Applied,Maharashtra,SHIROL
VARSHA SANJIV SAHARE,Bahujan Samaj Party,Applied,Maharashtra,NAGPUR WEST
MOBIN SADIQ SHAIKH,Bahujan Samaj Party,Applied,Maharashtra,BHIWANDI WEST
MOH. MUSTAKEEM MOH. MUSTAFA,Samajwadi Party,Applied,Maharashtra,MALEGAON CENTRAL
SHIVAJI JANRDHAN BANGAR,Independent,Applied,Maharashtra,BEED
SHAILENDRA CHANDRAKANT RUPEKAR,Independent,Applied,Maharashtra,AMBERNATH
DEEPAK MANOHARRAO DEOGHARE,Independent,Applied,Maharashtra,NAGPUR CENTRAL
KRUSHNA PRAKASH KADAM,Republican Party of India (A),Applied,Maharashtra,HADAPSAR
ANWAR PEER SAYYED,Independent,Applied,Maharashtra,DINDOSHI
RAMDAS SUBHASHRAO KOLAGE,Bharatiya Janata Party,Applied,Maharashtra,OSMANABAD
HABIB BAIG,Independent,Applied,Maharashtra,NAGPUR WEST
HARISH MAROTIAPPA PIMPLE,Bharatiya Janata Party,Applied,Maharashtra,MURTIZAPUR
NETRA BALU BORKAR,Independent,Applied,Maharashtra,NANDGAON
PRAMOD SURESH PATIL,Independent,Applied,Maharashtra,SHIROL
BHUVANESH BABURAO PANCHAL,Independent,Applied,Maharashtra,DINDOSHI
SOMNATH MADHUKAR SABLE,Independent,Applied,Maharashtra,PARANDA
SANJAY CHANGDEO KURHADE,Independent,Applied,Maharashtra,DEOLALI
YUVRAJ KISANRAO BAHIRWAL,Independent,Applied,Maharashtra,BEED
SHAKIR AHAMAD MEHBOOB SHAIKH,Independent,Applied,Maharashtra,BHIWANDI WEST
MANOJ GOPICHAND LADE,Bahujan Samaj Party,Applied,Maharashtra,CHANDRAPUR
ULHAS DATTATRAY TUPE,Independent,Applied,Maharashtra,HADAPSAR
DAYANAND MOTIRAM CHORGHE,Indian National Congress,Applied,Maharashtra,BHIWANDI WEST
RAMA MOHAN  THOKE,Bahujan Republican  Socialist Party,Applied,Maharashtra,BHOSARI
DILESH TUKARAM KIRVE,Independent,Applied,Maharashtra,DINDOSHI
ULHAS DATTATRAY TUPE,Independent,Applied,Maharashtra,HADAPSAR
SANJAY CHANGDEO KURHADE,Nationalist Congress Party – Sharadchandra Pawar,Applied,Maharashtra,DEOLALI
ZETE SACHIN VITTHAL,Independent,Applied,Maharashtra,LATUR RURAL
BHASARA VASANT NAVASHA,Independent,Applied,Maharashtra,DAHANU
DR VINOD MAROTI RANGARI,Bahujan Republican  Socialist Party,Applied,Maharashtra,NAGPUR WEST
KADRI VAZIR MOHAMMED ABDUL KUDDUS3,Independent,Applied,Maharashtra,VANDRE WEST
CHAUGHULE PARESH CHANDRAKANT,Independent,Applied,Maharashtra,BHIWANDI WEST
GANESH BABAN CHAVAN,Independent,Applied,Maharashtra,DINDOSHI
SUMEDH HIRAMAN BHAVAR,Independent,Applied,Maharashtra,AMBERNATH
MUKUND MANIK DHUTADMAL,Independent,Applied,Maharashtra,BEED
SHANTARAM VITHOBAJI JALTE,Bahujan Republican  Socialist Party,Applied,Maharashtra,RAMTEK
BAGUL MUKTARAM RATAN,Sainik Samaj Party,Applied,Maharashtra,NANDGAON
SAMEER GOPINATH TUPE,Independent,Applied,Maharashtra,HADAPSAR
HARISH MAROTIAPPA PIMPLE,Bharatiya Janata Party,Applied,Maharashtra,MURTIZAPUR
TUSHAR SHIVRAM MANE,Independent,Applied,Maharashtra,DINDOSHI
SHIVYOGI GURUMAHANTPATTDEVRU SWAMI HIREMATH,Independent,Applied,Maharashtra,SHIROL
YASH SUDHAKAR GAURKHEDE,Vanchit Bahujan  Aaghadi,Applied,Maharashtra,NAGPUR WEST
REKHA MANOHAR NIMJE,Jay Vidarbha Party,Applied,Maharashtra,NAGPUR SOUTH
DADASAHEB MAHADEV PATIL,Bharatiya Janata Party,Applied,Maharashtra,OSMANABAD
SHANE HIND NIHAL AHEMAD,Samajwadi Party,Applied,Maharashtra,MALEGAON CENTRAL
PRIYA DASHRATH KARDALE,Bhartiya Dharmanirpeksha Party,Applied,Maharashtra,SHIRUR
SHAKIR NASIR SHAIKH,Independent,Applied,Maharashtra,DINDOSHI
RAJESH RAGHUNATH PATIL,Bahujan Vikas Aaghadi,Applied,Maharashtra,BOISAR
PRAVIN NANAJI PADWEKAR,Indian National Congress,Applied,Maharashtra,CHANDRAPUR
PRAKASH BHIKCHAND DONDE,Independent,Applied,Maharashtra,DEOLALI
MADHUKAR VAMANRAO HANVATE,Bahujan Samaj Party,Applied,Maharashtra,LATUR RURAL
RAJESH RAGHUNATH PATIL,Bahujan Vikas Aaghadi,Applied,Maharashtra,BOISAR
SANDEEP DHONDIRAM KAMBLE,Bahujan Mukti Party,Applied,Maharashtra,DINDOSHI
SHRIRAM PRALHADRAO PINGLE,Independent,Applied,Maharashtra,BEED
MARUTI BABURAO WAGHCHAURE,Independent,Applied,Maharashtra,SHIRUR
SURAJ CHANDRAKANT GAIKWAD,Indian National Congress,Applied,Maharashtra,BHOSARI
VITTHAL GANGADHAR PAWDE,Independent,Applied,Maharashtra,NANDED NORTH
ANKITA RAJU SHINDE,Independent,Applied,Maharashtra,MURTIZAPUR
PANKAJ RAMCHANDRA KHATAL,Independent,Applied,Maharashtra,NANDGAON
ARUN SHANKAR NIKOLE,Bahujan Vikas Aaghadi,Applied,Maharashtra,DAHANU
DHANANJAY KRUSHNAJI DHAPODKAR,Independent,Applied,Maharashtra,NAGPUR SOUTH
PANKAJ RAMCHANDRA KHATAL,Independent,Applied,Maharashtra,NANDGAON
RAHUL RAMKRUSHNA KAMBLE,Independent,Applied,Maharashtra,SHIROL
SAMBHAJI EKNATH JADHAV,Independent,Applied,Maharashtra,MAN
MOMIN MUSHTAQ,Republican Sena,Applied,Maharashtra,BHIWANDI WEST
SHAIKH AASIF SHAIKH RASHEED,Independent,Applied,Maharashtra,MALEGAON CENTRAL
RAJENDRA BHAURAO MULAK,Indian National Congress,Applied,Maharashtra,RAMTEK
DINKAR DATTATRAY WADHAN,Independent,Applied,Maharashtra,BOISAR
NANDKISHOR SHANKARRAO SALUNKE,Independent,Applied,Maharashtra,LATUR RURAL
PRAKASH BUDHAJI GAJBHIYE,Bahujan Samaj Party,Applied,Maharashtra,NAGPUR WEST
SANTOSH RAJENDRA SHINDE,Independent,Applied,Maharashtra,DINDOSHI
SUDHIR PITAMBAR BAGUL,Vanchit Bahujan  Aaghadi,Applied,Maharashtra,AMBERNATH
SHAIKH RIYAZ,Independent,Applied,Maharashtra,NANDED NORTH
ASIF AMIN TANWAR,Peace Party,Applied,Maharashtra,VANDRE WEST
PURUSHOTTAM NARAYANRAO VEER,Vanchit Bahujan  Aaghadi,Applied,Maharashtra,BEED
SWAPNIL SANJAY DHANGAR,Independent,Applied,Maharashtra,DEOLALI
SHATRUGHNA SHIVAJI APTE,Independent,Applied,Maharashtra,SHIRUR
MAHESH MOHAN CHAVHAN,Independent,Applied,Maharashtra,KARANJA
MOHAMMAD ISMAILE ABDUL KHALIK,All India Majlis-E-Ittehadul Muslimeen,Applied,Maharashtra,MALEGAON CENTRAL
DR PRAKASH SHANKAR RAMTEKE,Bahujan Mukti Party,Applied,Maharashtra,CHANDRAPUR
DADASAHEB MAHADEV PATIL,Independent,Applied,Maharashtra,OSMANABAD
RAJU DNYANDEV PATAOKAR,Independent,Applied,Maharashtra,DINDOSHI
SUNIL SURYBHAN KAWADE,The Public Welfare Party,Applied,Maharashtra,NAGPUR SOUTH
DAYANAND GORAKH BANSODE,Bhartiya Jan Vikas Aaghadi,Applied,Maharashtra,PARANDA
VINOD BHIVA NIKOLE,Communist Party of India  (Marxist),Applied,Maharashtra,DAHANU
MAHADU GANGARAM GIRGAONKAR,Independent,Applied,Maharashtra,DEGLUR
BORKAR BALU RAJARAM,Independent,Applied,Maharashtra,NANDGAON
VINOD BHIVA NIKOLE,Communist Party of India  (Marxist),Applied,Maharashtra,DAHANU
ADV SURESH VAMAN KEDAR,Bharatheeya Jawan Kisan Party,Applied,Maharashtra,BHUSAWAL
VISHAL SHANKAR SONAVANE,Bahujan Samaj Party,Applied,Maharashtra,SHIRUR
SAYYAD ANSAR,Independent,Applied,Maharashtra,NANDED NORTH
RUPESH RADHESHYAM KADAM,Independent,Applied,Maharashtra,DINDOSHI
RAMESH RAMRAO KHADAP,Independent,Applied,Maharashtra,LATUR RURAL
IMRAN ISMAIL SANADI,Independent,Applied,Maharashtra,SHIROL
BORKAR BALU RAJARAM,Rashtriya Samaj Paksha,Applied,Maharashtra,NANDGAON
ZAHID MURBATAR ANSARI,Vanchit Bahujan  Aaghadi,Applied,Maharashtra,BHIWANDI WEST
SURAJ CHANDRAKANT GAIKWAD,Independent,Applied,Maharashtra,BHOSARI
NAGESH RAOSAHEB GAIKWAD,Independent,Applied,Maharashtra,DEGLUR
ANWARPASHA AHEMAD SYED,Independent,Applied,Maharashtra,BEED
MOHAMMAD YASEEN UMAR FAROOQ,Independent,Applied,Maharashtra,MALEGAON CENTRAL
GIRISH KRUSHNARAO PANDAV,Indian National Congress,Applied,Maharashtra,NAGPUR SOUTH
MANDAR HEMCHANDRA DHIWARE,Independent,Applied,Maharashtra,DEOLALI
RITA PRAKASH SONAWANE,Independent,Applied,Maharashtra,PIMPRI
RAJENDRA BHAURAO MULAK,Independent,Applied,Maharashtra,RAMTEK
NASEEM KHAN PATHAN,Independent,Applied,Maharashtra,NAGPUR SOUTH
MOHD MUNIR ABDUL MAZEED KHAN,Independent,Applied,Maharashtra,DINDOSHI
BAJRANG APPA KUMBHAR,Janata Dal  (Secular),Applied,Maharashtra,SHIROL
MANOJ RAMDAS GAURKHEDE,Bharatiya Yuva Jan Ekta Party,Applied,Maharashtra,NAGPUR WEST
JYOTI KISHOR MESHRAM,Apni Prajahit Party,Applied,Maharashtra,NAGPUR NORTH
PRADEEP VIDYADHAR KAND,Independent,Applied,Maharashtra,SHIRUR
VIJAY RAMESHRAO KHOBRAGADE,Rashtriya Gondvana Party,Applied,Maharashtra,DHAMANGAON RAILWAY
MANDAR HEMCHANDRA DHIWARE,Sambhaji Brigade Party,Applied,Maharashtra,DEOLALI
PRADEEP VIDYADHAR KAND,Independent,Applied,Maharashtra,SHIRUR
RAVINDRA BAJARANG BHANAVAT,Independent,Applied,Maharashtra,NANDED NORTH
SOMESHWAR RAJKUMAR KADAM,Maharashtra Navnirman sena,Applied,Maharashtra,BEED
AYYUB ILAHIBAKSH SHAIKH,Independent,Applied,Maharashtra,HADAPSAR
PRASHANT MANOHAR TAYADE,Nationalist Congress Party – Sharadchandra Pawar,Applied,Maharashtra,BHUSAWAL
HUSSAIN ISMAIL TAJ,Independent,Applied,Maharashtra,DINDOSHI
PRABHAKAR DEVBA GHARGE,Nationalist Congress Party – Sharadchandra Pawar,Applied,Maharashtra,MAN
ANIL GAMBHIR MORE,Bahujan Samaj Party,Applied,Maharashtra,MUKTAINAGAR
PRASHANT MANOHAR TAYADE,Independent,Applied,Maharashtra,BHUSAWAL
PRADEEP VIDYADHAR KAND,Bharatiya Janata Party,Applied,Maharashtra,SHIRUR
KULDIP RAJKUMAR SURYAWANSHI,Independent,Applied,Maharashtra,LATUR RURAL
AMOL SHANKARRAO GHARGE,Independent,Applied,Maharashtra,MAN
JAMILKHAN MAHEBUB PATHAN,Independent,Applied,Maharashtra,PARANDA
SAVITRIBAI SHRIHARI KAMBLE,Bahujan Samaj Party,Applied,Maharashtra,DEGLUR
AYYUB ILAHIBAKSH SHAIKH,Independent,Applied,Maharashtra,HADAPSAR
GABBAR SUDAM SAKAT,Janhit Lokshahi Party,Applied,Maharashtra,SHIROL
ROHIT DINDAYAL ILPACHI,Bharat Adivasi Party,Applied,Maharashtra,NAGPUR SOUTH
CHAUGHULE MAHESH PRABHAKAR,Bharatiya Janata Party,Applied,Maharashtra,BHIWANDI WEST
PRASHANT VIRAJ INGOLE,Vanchit Bahujan  Aaghadi,Applied,Maharashtra,NANDED NORTH
BABURAO DATTOBA CHANDERE,Independent,Applied,Maharashtra,KOTHRUD
AKASH PRATAP PATEL,Independent,Applied,Maharashtra,DAHANU
SANJAY PANDIT BRAMHANE,Vanchit Bahujan  Aaghadi,Applied,Maharashtra,MUKTAINAGAR
HARSHARAJ EKNATH KATKAR,Independent,Applied,Maharashtra,MAN
CHAUGHULE MAHESH PRABHAKAR,Bharatiya Janata Party,Applied,Maharashtra,BHIWANDI WEST
BHIMRAO TATOBA HOWAL,Independent,Applied,Maharashtra,DINDOSHI
KHADASE ROHINI PANDIT,Independent,Applied,Maharashtra,MUKTAINAGAR
KALIM JAHANGIR SHAIKH,Akhil Bhartiya Parivar Party,Applied,Maharashtra,BEED
GAJANAN DATTRAMJI DHUMAL,Buland Bharat Party,Applied,Maharashtra,NANDED NORTH
NANDKUMAR URF NANASO MAHADEV MORE,Independent,Applied,Maharashtra,MAN
ANUP SUDAM NAVALE,Independent,Applied,Maharashtra,KOTHRUD
BHARAT LAXMAN PATIL,Maharashtra Navnirman sena,Applied,Maharashtra,BHIWANDI WEST
NANA UTTAM BACHHAV,Independent,Applied,Maharashtra,NANDGAON
RAJESH JANRAO GOPALE,Independent,Applied,Maharashtra,NAGPUR WEST
NETAJI VAMANRAO PATIL,Independent,Applied,Maharashtra,OSMANABAD
ANAND ANNA ALKUNTE,Independent,Applied,Maharashtra,HADAPSAR
RAJENDRA VALMIK KANCHAN,Independent,Applied,Maharashtra,SHIRUR
SHANE HIND NIHAL AHEMAD,Samajwadi Party,Applied,Maharashtra,MALEGAON CENTRAL
ANUPKUMAR PREMCHAND MANURE,Indian National Congress,Applied,Maharashtra,BHUSAWAL
JAYADIP PANDURANG BHOSALE,Rashtriya Maratha Party,Applied,Maharashtra,MAN
MAROTI LACHAMANNA DEGLOORKAR,Lokrajya Party,Applied,Maharashtra,NAIGAON
ANIL LAXMAN CHITALE,Independent,Applied,Maharashtra,DINDOSHI
BABURAO DATTOBA CHANDERE,Nationalist Congress Party,Applied,Maharashtra,KOTHRUD
PRASHANT BABRUWAN KALE,Independent,Applied,Maharashtra,UMARGA
SURAYYABANO DAGADU SHAHA,Independent,Applied,Maharashtra,MUKTAINAGAR
DR RAJASHRI HARISHCHANDRA AHIRRAO,Shiv Sena,Applied,Maharashtra,DEOLALI
SURAYYABANO DAGADU SHAHA,Independent,Applied,Maharashtra,MUKTAINAGAR
VIKIBHAU DAYARAMAJI MUNDE,Jan Janwadi Party,Applied,Maharashtra,DHAMANGAON RAILWAY
SURAYYABANO DAGADU SHAHA,Independent,Applied,Maharashtra,MUKTAINAGAR
KUNDLIK  HARIBHAU KHANDE,Maharashtra Swarajya party,Applied,Maharashtra,BEED
SHAUKAT ABDUL RAFIQ KHAN,Insaniyat Party,Applied,Maharashtra,VANDRE WEST
SHRI KAILAS GAHININATH BANSODE,Independent,Applied,Maharashtra,PIMPRI
MOHAMMAD YAKUB SHAIKH,Independent,Applied,Maharashtra,BHIWANDI WEST
MANOJ SATISH MANE,Rashtriya Samaj Paksha,Applied,Maharashtra,HADAPSAR
AADARSH RAVISHANKAR THAKUR,Independent,Applied,Maharashtra,NAGPUR WEST
KUNDLIK  HARIBHAU KHANDE,Maharashtra Swarajya party,Applied,Maharashtra,BEED
DATTATRAY SAMPATRAO BAVANE,Independent,Applied,Maharashtra,LATUR RURAL
ARIF KHALIQ SHAIKH,All India Majlis-E-Inquilab-E-Millat,Applied,Maharashtra,RAVER
AVINASH DEVRAOJI KUMBHALKAR,Independent,Applied,Maharashtra,NAGPUR SOUTH
BASKAR NIVRITI SONSALE,Independent,Applied,Maharashtra,NANDED NORTH
PUSHPATAI MAHADVRAO INGLE,Independent,Applied,Maharashtra,MURTIZAPUR
DR RAJASHRI HARISHCHANDRA AHIRRAO,Independent,Applied,Maharashtra,DEOLALI
POOJA SACHIN GAIKWAD,Indian National Congress,Applied,Maharashtra,DEGLUR
HANMANT ANGADRAO MAMILWAD,Independent,Rejected,Maharashtra,LATUR CITY
DAPHAL TUKARAM NAMDEO,Sainik Samaj Party,Applied,Maharashtra,SHIRUR
FIROZ DAGDU TADVI,All India Hindustan Congress Party,Applied,Maharashtra,NANDURBAR
KUNAL PREANAND JANBANDHU,Minorities Democratic Party,Applied,Maharashtra,NAGPUR NORTH
BHUPESH VISHRAM BAVISKAR,Independent,Applied,Maharashtra,BHUSAWAL
BHANUDAS BALBHIMRAO JADHAV,Independent,Applied,Maharashtra,BEED
VAMAN SHRIRANG PANDGALE,Independent,Applied,Maharashtra,UMARGA
VAISHALI BIRUDEO VHADGAR,Independent,Applied,Maharashtra,NANDGAON
PRAVINKUMAR SHAMRAO MANGAVE,Janata Dal  (Secular),Applied,Maharashtra,SHIROL
UMA VITHHAL BHIL,Independent,Applied,Maharashtra,RAVER
KASHINATH RAJARAM PATIL,Independent,Applied,Maharashtra,MUKTAINAGAR
MAHAVIR CHANDRAKANT SANGADE,Maharashtra Swarajya party,Applied,Maharashtra,PARANDA
KRISHNALAL BAJIRAO SAHARE,Bharatiya Janata Party,Applied,Maharashtra,BRAHMAPURI
VISHWAS BHAGWAT BAHIRWAL,Independent,Applied,Maharashtra,BEED
RAFIQUE RASHID QURESHI,Independent,Applied,Maharashtra,BHOSARI
MAHESH SURESH MORE,Sambhaji Brigade Party,Applied,Maharashtra,DINDOSHI
SHIVAJI UTTAMRAO PAWAR,Sambhaji Brigade Party,Applied,Maharashtra,HADAPSAR
JALABA VITTHALRAO GAWALE,Independent,Applied,Maharashtra,NAIGAON
SANDEEP KRUSHNARAO WATH,Independent,Applied,Maharashtra,DHAMANGAON RAILWAY
SHAIKH RAHIM SHAIKH AHMAD,Independent,Applied,Maharashtra,BHUSAWAL
SANTOSH SHRAVAN THORAT,Peoples Party of India (Democratic),Applied,Maharashtra,AMBERNATH
MADHURI MOHAN MATE,Baliraja Party,Applied,Maharashtra,NAGPUR SOUTH
PRAMOD MADHAV BODADE,Independent,Applied,Maharashtra,MUKTAINAGAR
SHAIKH LATIF SHAIKH BABAN,Independent,Applied,Maharashtra,NANDED NORTH
PARAG SHANKAR SAHARE,Independent,Applied,Maharashtra,BRAHMAPURI
ARCHANA DATTU ALTE,Independent,Accepted,Maharashtra,LATUR CITY
DABHADE GANESH KUNDALIK,Independent,Applied,Maharashtra,SHIRUR
SHAIKH RAHIM SHAIKH AHMAD,All India Majlis-E-Ittehadul Muslimeen,Applied,Maharashtra,BHUSAWAL
SURAJ RAJESH SALUNKE,Shiv Sena,Applied,Maharashtra,OSMANABAD
NANASAHEB SHANKARRAO GAYKE,Bharatiya Yuva Jan Ekta Party,Applied,Maharashtra,GANGAPUR
RAFIQUE RASHID QURESHI,Bahujan Samaj Party,Applied,Maharashtra,BHOSARI
MANOJ BHIMRAO GAJBHIYE,Bahujan Samaj Party,Applied,Maharashtra,NAGPUR WEST
SUGAT GYANSHWAR WAGHMARE,Vanchit Bahujan  Aaghadi,Applied,Maharashtra,MURTIZAPUR
VILAS SUKUR TARE,Shiv Sena,Applied,Maharashtra,BOISAR
DR NARAYAN LAXMAN JADHAV,Independent,Applied,Maharashtra,MURBAD
DATTATRAY SHIVAJIRAO PATIL,Independent,Applied,Maharashtra,LATUR RURAL
KUNDLIK  HARIBHAU KHANDE,Independent,Applied,Maharashtra,BEED
RAHUL SAIDAJI DIGGIKAR,Independent,Applied,Maharashtra,UMARGA
SANGRAM GANGARAM SURYWANSHI,Independent,Applied,Maharashtra,DEGLUR
KAWALE ROHINI SANTOSH,Independent,Applied,Maharashtra,MUKTAINAGAR
VIJAY SHANKAR RAMTEKE,Independent,Applied,Maharashtra,DHAMANGAON RAILWAY
VILAS VISHWANATH PATIL,Independent,Applied,Maharashtra,BHIWANDI WEST
DIPAK SURESH KANERI,Independent,Applied,Maharashtra,DINDOSHI
JITENDRA RAMCHANDRA THOMBARE,Independent,Applied,Maharashtra,SHIROL
CHAUDHARI ANIL CHABILDAS,Independent,Applied,Maharashtra,RAVER
CHANDRAKANT BHOJIBA SANAP,Independent,Applied,Maharashtra,BEED
SUHAS POPAT GAJARMAL,Independent,Applied,Maharashtra,KOTHRUD
AVINASH PUNDLIKRAO ITAKAPALLE,Bahujan Samaj Party,Applied,Maharashtra,NAIGAON
LAXMAN (DADA) ATMARAM SHIROLE,Republican Party of India (A),Applied,Maharashtra,PIMPRI
SURYAKANT NAMDEV TADLAPURKAR,Independent,Applied,Maharashtra,NANDED NORTH
AMOL SHANTARAM SHINDE,Independent,Applied,Maharashtra,PACHORA
CHAVAN DEEPAK RAMCHANDRA,Independent,Applied,Maharashtra,PHALTAN
AJAMI RIYAJ MUKKIMUDDIN,Samajwadi Party,Applied,Maharashtra,BHIWANDI WEST
SIDDHARTH MAHADEV SURYAWANSHI,Bahujan Samaj Party,Accepted,Maharashtra,LATUR CITY
KHALOOBAI YUNUS TADAVI,All India Hindustan Congress Party,Applied,Maharashtra,RAVER
AKASH VIJAY UIKEY,Independent,Applied,Maharashtra,NAGPUR SOUTH
MAHENDRA TULSHIRAM BHANGE,Nationalist Congress Party – Sharadchandra Pawar,Applied,Maharashtra,NAGPUR NORTH
MEDHA VINOD SURESH,Bharatiya Janata Party,Applied,Maharashtra,DAHANU
CHAVAN DEEPAK RAMCHANDRA,Independent,Applied,Maharashtra,PHALTAN
SUGAT GYANSHWAR WAGHMARE,Vanchit Bahujan  Aaghadi,Applied,Maharashtra,MURTIZAPUR
SHAILESH PRABHAKAR BODADE,Indian National Congress,Applied,Maharashtra,BHUSAWAL
PREMLAL RAMKISAN MESHRAM,Independent,Applied,Maharashtra,BRAHMAPURI
VISHWAJEET MADHUKAR PATIL,Independent,Applied,Maharashtra,PARANDA
MURALIDHAR PADMAKAR JWARI,Independent,Applied,Maharashtra,KOTHRUD
KHADASE ROHINI GOKUL,Independent,Applied,Maharashtra,MUKTAINAGAR
KIRAN ASHOK BHALERAO,Bahujan Samaj Party,Applied,Maharashtra,AMBERNATH
GANESH TULSHIRAM MOTE,Independent,Applied,Maharashtra,PHULAMBRI
AMIT MANKHA TADAVEE,Vanchit Bahujan  Aaghadi,Applied,Maharashtra,PACHORA
SHAILESH PRABHAKAR BODADE,Independent,Applied,Maharashtra,BHUSAWAL
HEMANT BRIJESH PANDE,Independent,Applied,Maharashtra,NAGPUR WEST
PREMLAL RAMKISAN MESHRAM,Vanchit Bahujan  Aaghadi,Applied,Maharashtra,BRAHMAPURI
CHAVAN DEEPAK RAMCHANDRA,Sanay Chatrapati Shasan,Applied,Maharashtra,PHALTAN
KSHIRSAGAR SARIKA YOGESH,Nationalist Congress Party,Applied,Maharashtra,BEED
ARIF NIJAMUDDIN SHAIKH,Independent,Applied,Maharashtra,BHIWANDI WEST
PANDURANG SHANKARRAO POLE,Shiv Sena (Uddhav Balasaheb Thackeray),Applied,Maharashtra,UMARGA
AJARODDIN MOHAMMAD RAFIK SAYYED,Independent,Accepted,Maharashtra,LATUR CITY
SONAM NARESH GAIKWAD,Vanchit Bahujan  Aaghadi,Applied,Maharashtra,MURBAD
KSHIRSAGAR SARIKA YOGESH,Independent,Applied,Maharashtra,BEED
MADHURI HIRALAL JAWARKAR,Independent,Applied,Maharashtra,MELGHAT
SURESH RUPA TAYADE,Independent,Applied,Maharashtra,MUKTAINAGAR
IRANNA RAOSAHEB SURYAKAR,Independent,Applied,Maharashtra,NAIGAON
SANJAY SHIVAJI PACHANGE,Independent,Applied,Maharashtra,SHIRUR
PUSHPA PRAKASH DHODI,Independent,Applied,Maharashtra,BOISAR
ABDUL MEHAFUJ,Independent,Applied,Maharashtra,NAGPUR SOUTH
ANAND ANKUSH LAMTURE,Independent,Accepted,Maharashtra,LATUR CITY
ROHIT SUBHASHRAO SABNE,Independent,Applied,Maharashtra,DEGLUR
MO. SHAFIKHAN MUSTUFA TADAVI,Independent,Applied,Maharashtra,RAVER
ANIL UDHDVARAO BHOLE,Independent,Applied,Maharashtra,DHAMANGAON RAILWAY
HARIDAS SANTUKA DINDE,Independent,Applied,Maharashtra,MUKHED
RAMESH SUBRAO BANSODE,Bhartiya Jan Vikas Aaghadi,Applied,Maharashtra,OSMANABAD
AMAN ISHWAR SURWASE,Independent,Applied,Maharashtra,LATUR RURAL
JAWAAD ABDUL HAMID CHIKHLEKAR,Independent,Applied,Maharashtra,BHIWANDI WEST
VILAS NANA GADEKAR,Independent,Rejected,Maharashtra,PHULAMBRI
PANDURANG SHANKARRAO POLE,Independent,Applied,Maharashtra,UMARGA
DR SAMIDHA SUHAS NATAWADKAR,Indian National Congress,Applied,Maharashtra,NANDURBAR
AMEYA MADHUKAR JOSHI,Independent,Applied,Maharashtra,KOTHRUD
MANISH DATTATRAY WADJE,Independent,Applied,Maharashtra,NANDED NORTH
NATHA SHIVRAM PACHARNE,Bahujan Mukti Party,Applied,Maharashtra,SHIRUR
SURESH PANDURANG PATIL,Hindustan Janta Party,Applied,Maharashtra,PACHORA
PREETI TORAN MAHAJAN,Indian National Congress,Applied,Maharashtra,BHUSAWAL
JAWAAD ABDUL HAMID CHIKHLEKAR,Indian National Congress,Applied,Maharashtra,BHIWANDI WEST
CHANDRAKANT NIMBA PATIL,Shiv Sena,Applied,Maharashtra,MUKTAINAGAR
VINOD KAWADUJI KHOBRAGADE,Independent,Applied,Maharashtra,CHANDRAPUR
KRISHNA LAXMAN DESAI,Independent,Applied,Maharashtra,DINDOSHI
RAVINDRA NAMDEO PANDIT,Independent,Applied,Maharashtra,MURTIZAPUR
JAFAR ALI MAKSUD ALI,All India Majlis-E-Ittehadul Muslimeen,Applied,Maharashtra,MUKTAINAGAR
KHUDUBUDDIN ABU HOBALE,Independent,Applied,Maharashtra,BHOSARI
SATISH LAKSHMAN KAWDE,Independent,Applied,Maharashtra,MUKHED
LALITKUMAR RAMKISHOR GHOGALE,Vanchit Bahujan  Aaghadi,Applied,Maharashtra,JALGAON CITY
JAFAR ALI MAKSUD ALI,Independent,Applied,Maharashtra,MUKTAINAGAR
RAMESH SITARAM SAMARTH,Republican Party of India (A),Applied,Maharashtra,BRAHMAPURI
SANGITA SHIVPRASAD GUPTA,Independent,Applied,Maharashtra,AMBERNATH
CHAIUDHARI HARSHA ANIL,Independent,Applied,Maharashtra,RAVER
SURESH NIVRUTTI PAWAR,Independent,Accepted,Maharashtra,LATUR CITY
HANUMAN HARI POKLA,Independent,Applied,Maharashtra,MURBAD
PREETI TORAN MAHAJAN,Independent,Applied,Maharashtra,BHUSAWAL
HANMANT IRANNA GHODAKE,Independent,Applied,Maharashtra,UMARGA
SHRI KAILAS NARAYAN KHUDE,Independent,Applied,Maharashtra,PIMPRI
SURESH NIVRUTTI PAWAR,Maharashtra Vikas Aghadi,Accepted,Maharashtra,LATUR CITY
MILINDKUMAR SUDHAKAR MAGHADE,Independent,Applied,Maharashtra,CHIKHLI
MIRZA IMRAN BEG MIRZA SALIM BEG,Rashtriya Samaj Paksha,Applied,Maharashtra,AKOLA WEST
SOMWANSHI SACHIN ASHOK,Indian National Congress,Applied,Maharashtra,PACHORA
EJAJ BEG AJIJ BEG,Indian National Congress,Applied,Maharashtra,MALEGAON CENTRAL
SOMWANSHI SACHIN ASHOK,Independent,Applied,Maharashtra,PACHORA
BHUSHAN RAMCHANDRA SHIRKE,Independent,Applied,Maharashtra,KOTHRUD
PRASHANT VASANT KOREGAONKAR,Nationalist Congress Party,Applied,Maharashtra,PHALTAN
SADASHIV RAJARAM BHUYARE,Independent,Applied,Maharashtra,NANDED NORTH
SACHIN VIDYAMAN KUMBHARE,Aazad Samaj Party (Kanshi Ram),Applied,Maharashtra,NAGPUR SOUTH
ASMA JAWAAD CHIKHLEKAR,Indian National Congress,Applied,Maharashtra,BHIWANDI WEST
HANUMANTRAO MAROTI WANALE,Rashtriya Samaj Paksha,Applied,Maharashtra,NAIGAON
MASTAN PASHUMIYA PINJARI,Independent,Applied,Maharashtra,MUKHED
GAJANAN DNYANESHWAR CHANDURKAR,Independent,Applied,Maharashtra,DHAMANGAON RAILWAY
PRASHANT VASANT KOREGAONKAR,Independent,Applied,Maharashtra,PHALTAN
SUMITRABAI ALAIS SWATI JADHAV PATIL,Independent,Applied,Maharashtra,LATUR RURAL
ASMA JAWAAD CHIKHLEKAR,Indian National Congress,Applied,Maharashtra,BHIWANDI WEST
SARIKA BALIRAM GAVATE,Independent,Applied,Maharashtra,BEED
YAMINI CHANDRAKANT PATIL,Shiv Sena,Applied,Maharashtra,MUKTAINAGAR
PRAVESH RAJARAM VISHWAKARMA,Vishwa Kalyan Rashtriya Manav Samaj Party,Rejected,Maharashtra,KALYAN WEST
PRAVIN NANA SURWADE,Independent,Applied,Maharashtra,BHUSAWAL
DR. PREMANAND WAMANRAO WAGHMARE,Rashtriya Maratha Party,Applied,Maharashtra,KURLA
BALAJI PRALHAD KINIKAR,Shiv Sena,Applied,Maharashtra,AMBERNATH
VIJAY SHANTILAL NAHATA,Independent,Applied,Maharashtra,BELAPUR
ASMA JAWAAD CHIKHLEKAR,Independent,Applied,Maharashtra,BHIWANDI WEST
UMESH DNYANDEV SURWASE,Janhit Lokshahi Party,Applied,Maharashtra,UMARGA
ARIF KHALIQ SHAIKH,Independent,Applied,Maharashtra,RAVER
BALAJI NAMDEV KHATGAONKA,Independent,Applied,Maharashtra,MUKHED
ANISKHA HABIBKHA PATHAN,Independent,Applied,Maharashtra,PHULAMBRI
SIDDHANT ASHOKRAO WANKHEDE,Aazad Samaj Party (Kanshi Ram),Applied,Maharashtra,CHIKHLI
NARENDRA PURUSHOTTAM JICHKAR,Independent,Applied,Maharashtra,NAGPUR WEST
PATIL HANMANTRAO VENKATRAO,Independent,Applied,Maharashtra,MUKHED
NILESH TATYARAM KESKAR,Independent,Applied,Maharashtra,PARANDA
BALAJI PRALHAD KINIKAR,Shiv Sena,Applied,Maharashtra,AMBERNATH
SANDEEP PRAKASH NAIK,Independent,Applied,Maharashtra,BELAPUR
SATISH ARJUN BIRHADE,Bahujan Samaj Party,Applied,Maharashtra,PACHORA
AKHTARMIYA JALAL SHAIKH,Independent,Accepted,Maharashtra,LATUR CITY
VIJAY KISAN BARATE,Independent,Applied,Maharashtra,KOTHRUD
DR SAMIDHA SUHAS NATAWADKAR,Indian National Congress,Applied,Maharashtra,NANDURBAR
PATIL HANMANTRAO VENKATRAO,Indian National Congress,Applied,Maharashtra,MUKHED
HANUMANTRAO MAROTI WANALE,Rashtriya Samaj Paksha,Applied,Maharashtra,NAIGAON
BALAJI PRALHAD KINIKAR,Shiv Sena,Applied,Maharashtra,AMBERNATH
AKHTARMIYA JALAL SHAIKH,Independent,Accepted,Maharashtra,LATUR CITY
PRASHANT VASANT KOREGAONKAR,Bharatiya Janata Party,Applied,Maharashtra,PHALTAN
SUBHASH SHANTARAM PAWAR,Independent,Applied,Maharashtra,MURBAD
RAMESHWAR MANGALJI INWATE,Independent,Applied,Maharashtra,RAMTEK
VINOD NAMDEO SONAWANE,Independent,Applied,Maharashtra,MUKTAINAGAR
NARENDRA NATTHUJI WALDE,Bahujan Samaj Party,Applied,Maharashtra,NAGPUR WEST
HARISHCHANDRA PATILBUWA PACHPUTE,Independent,Applied,Maharashtra,SHRIGONDA
SANJAY RAMCHANDRA KAMBALE,Independent,Applied,Maharashtra,UMARGA
ARCHANA RANAJAGJITSINHA PATIL,Independent,Applied,Maharashtra,OSMANABAD
DR. RAHUL KALIDAS MESHRAM,Vanchit Bahujan  Aaghadi,Applied,Maharashtra,BRAHMAPURI
MUKINDAR GANGADHAR KUDKE,Independent,Applied,Maharashtra,DEGLUR
AMAR MANOHAR BADHE,Independent,Applied,Maharashtra,MUKTAINAGAR
KARUNA MUNDE,Swarajya Shakti Sena,Applied,Maharashtra,BEED
MOHAN ANANDRAO DESHMUKH,Independent,Rejected,Maharashtra,PHULAMBRI
DATTA BANSI JADHAV,Independent,Applied,Maharashtra,PUNE CANTONMENT
SHRI VISHWAS CHANDRABHAN PATIL,Independent,Applied,Maharashtra,NAGPUR NORTH
RAJENDRA SURESH PADGHAN,Aabaad Party,Applied,Maharashtra,CHIKHLI
VIJAYKUMAR BHAGWANRAO PETHKAR,Rashtriya Samaj Paksha,Applied,Maharashtra,MUKHED
POOJA MAHESH LANDGE,Bharatiya Janata Party,Applied,Maharashtra,BHOSARI
KSHIRSAGAR YOGESH BHARATBHUSHAN,Nationalist Congress Party,Applied,Maharashtra,BEED
RAJESH BABARAO BHOYAR,Independent,Applied,Maharashtra,DHAMANGAON RAILWAY
SACHIN DHANRAJ KOKANE,Independent,Applied,Maharashtra,MURTIZAPUR
VISHRANTI PARMESHWAR JHAMBARE,Bahujan Republican  Socialist Party,Applied,Maharashtra,NAGPUR SOUTH
PRAMOD BALIRAM PATIL,Independent,Applied,Maharashtra,JALGAON CITY
CHAUDHARI NANDINI ANIL,Independent,Applied,Maharashtra,RAVER
DAULAT BABAN JADHAV,Peace Party,Applied,Maharashtra,KURLA
KSHIRSAGAR YOGESH BHARATBHUSHAN,Nationalist Congress Party,Applied,Maharashtra,BEED
MOHAN ANANDRAO DESHMUKH,Independent,Accepted,Maharashtra,PHULAMBRI
SHIVPRASAD LAKSHMANRAO KAJALE,Marathwada Mukti Morcha,Applied,Maharashtra,UMARGA
SAGAR PRABHAKAR PATIL,Independent,Applied,Maharashtra,MUKTAINAGAR
BALAJI PRALHAD KINIKAR,Shiv Sena,Applied,Maharashtra,AMBERNATH
SABIR KHAN SHABBIR KHAN,Independent,Applied,Maharashtra,PACHORA
RAMKISHOR KALURAM JAMBU PATEL,Ambedkarite Party of India,Applied,Maharashtra,MELGHAT
VISHWANATH MAHADEV ALTE,Bahujan Samaj Party,Rejected,Maharashtra,LATUR CITY
DR. VITTHAL KASHINATH KINIKAR,Independent,Applied,Maharashtra,MURBAD
TAUFIQ ALLAUDDIN PATHAN,Independent,Applied,Maharashtra,NASHIK CENTRAL
SAGAR PRABHAKAR PATIL,Independent,Applied,Maharashtra,MUKTAINAGAR
PRAVIN NANA SURWADE,Indian National Congress,Applied,Maharashtra,BHUSAWAL
NATHA SHIVRAM PACHARNE,Bahujan Mukti Party,Applied,Maharashtra,SHIRUR
ASHOK SHIVAJI PAGARE,Independent,Rejected,Maharashtra,KALYAN WEST
SHAFIK MOOHAMMAD SALEH MOHAMMAD SHAIKH,All India Majlis-E-Ittehadul Muslimeen,Applied,Maharashtra,BEED
JIVAN ASHOK GADE,Vanchit Bahujan  Aaghadi,Applied,Maharashtra,DAUND
SK SAYEED SK MUSHTAQE,Independent,Applied,Maharashtra,CHIKHLI
AKASHREDDY NARSAREDDY SATPALWAR,Independent,Applied,Maharashtra,NAIGAON
ISHWAR VILAS TATHAWADE,Independent,Accepted,Maharashtra,DHARAVI
MANGESH NARAYANRAO KADAM,Independent,Applied,Maharashtra,DEGLUR
RIYAZ SAYYAD ALI SAYYAD,All India Majlis-E-Inquilab-E-Millat,Applied,Maharashtra,PUNE CANTONMENT
ABDULLA KHAN DALSHER KHAN,Social Democratic Party Of India,Applied,Maharashtra,MALEGAON CENTRAL
SHAFIK MOOHAMMAD SALEH MOHAMMAD SHAIKH,Independent,Applied,Maharashtra,BEED
SAMADHAN BALIRAM GORE,Peoples Party of India (Democratic),Applied,Maharashtra,LATUR RURAL
SK SAYEED SK MUSHTAQE,Independent,Applied,Maharashtra,CHIKHLI
DNYANESHWAR REVAN VIRKAR,Independent,Applied,Maharashtra,MAN
ANITA GANESH VAIDY,Sardar Vallabhbhai Patel Party,Applied,Maharashtra,GANGAPUR
RAHUL SHANKAR SHIRSAT,Independent,Applied,Maharashtra,BELAPUR
SURYAKANT MARUTI SHINDE,Independent,Applied,Maharashtra,PHALTAN
RAJBALI RAMBARAN SAHANI,Independent,Applied,Maharashtra,DINDOSHI
SUNANDA SHANKAR RASAL,Bahujan Samaj Party,Applied,Maharashtra,UMARGA
DEVANAND TULJIRAM DESHMUKH,Independent,Applied,Maharashtra,MUKHED
PANDHARINATH MAGAN WAGH,Independent,Applied,Maharashtra,PHULAMBRI
DR RAJU URF RAJESH MANIKRAO THAKRE,Independent,Applied,Maharashtra,RAMTEK
VAISHALI KIRAN SURYAWANSHI,Independent,Applied,Maharashtra,PACHORA
DILIP RAOSAHEB KAMBLE,Independent,Applied,Maharashtra,PUNE CANTONMENT
MOHAMMAD KHALID MUKHTAR AHAMAD SHAIKH,Independent,Applied,Maharashtra,BHIWANDI WEST
CHAUDHARI DHIRAJ ANIL,Independent,Applied,Maharashtra,RAVER
NATHA SHIVRAM PACHARNE,Bahujan Mukti Party,Applied,Maharashtra,SHIRUR
AKASHREDDY NARSAREDDY SATPALWAR,Independent,Applied,Maharashtra,NAIGAON
DATTATRAYA VITHAL THORAT,Blue India Party,Applied,Maharashtra,SOLAPUR CITY CENTRAL
RAJENDRA TANAJI SASANE,Vanchit Bahujan  Aaghadi,Applied,Maharashtra,DINDOSHI
RUCHI SACHIN MANCHANDA,Independent,Applied,Maharashtra,ANDHERI WEST
TALHA SHARIF HASAN MOMIN,Indian National Congress,Applied,Maharashtra,BHIWANDI WEST
ASHOK BABURAO JADHAV,Peoples Party of India (Democratic),Applied,Maharashtra,MUKTAINAGAR
BABYNANDA KACHARU SANAP,Rashtriya Samaj Paksha,Applied,Maharashtra,KURLA
MANGESH NARAYANRAO KADAM,Independent,Applied,Maharashtra,DEGLUR
NARSING ISHWARRAO KATKE,Independent,Applied,Maharashtra,PIMPRI
PRAKASH KISAN BALWADKAR,Independent,Applied,Maharashtra,KOTHRUD
NANA SATUJI SIDAM,Independent,Applied,Maharashtra,RALEGAON
NANDKISHOR RAMKRUSHNA DHORE,Independent,Applied,Maharashtra,AKOLA WEST
AHILYABAI HANMANT MAMILWAD,Bahujan Samaj Party,Applied,Maharashtra,MUKHED
ADV. NARAYANRAO DINBAJI JAMBHULE,Swabhimani Paksha,Applied,Maharashtra,BRAHMAPURI
SWAPNIL SUDHAKAR INGALE,Sambhaji Brigade Party,Applied,Maharashtra,NASHIK CENTRAL
SHIVAJI KISAN KURHADE,Rashtriya Samaj Paksha,Applied,Maharashtra,SHIRUR
TALHA SHARIF HASAN MOMIN,Independent,Applied,Maharashtra,BHIWANDI WEST
RAVINDRA JAITU SONAWANE,Independent,Applied,Maharashtra,MURBAD
SAGAR BHIMRAO SALUNKE,Independent,Applied,Maharashtra,JALGAON CITY
FIROZ KHA PATHAN,All India Majlis-E-Inquilab-E-Millat,Applied,Maharashtra,DHAMANGAON RAILWAY
ANIL BHAGWAT GOYKAR,New Rashtriya Samaj Party,Applied,Maharashtra,LATUR RURAL
PRAFULLA SHARDA NARAYAN MHATRE,Maharashtra Rajya Samiti,Applied,Maharashtra,BELAPUR
ADV. NARAYANRAO DINBAJI JAMBHULE,Swabhimani Paksha,Applied,Maharashtra,BRAHMAPURI
PANDAGALE SURESH RAM,Bahujan Vikas Aaghadi,Accepted,Maharashtra,KALYAN WEST
NANA SATUJI SIDAM,Vanchit Bahujan  Aaghadi,Applied,Maharashtra,RALEGAON
DATTU VITHOBA HIRALE,Independent,Applied,Maharashtra,UMARGA
SUNIL JANRAO WANKHADE,Independent,Applied,Maharashtra,MURTIZAPUR
SANJAY NIRUPAM,Shiv Sena,Applied,Maharashtra,DINDOSHI
HARIBHAU TUKARAM PATIL,Independent,Applied,Maharashtra,PACHORA
SANTOSH UDDHAVRAO BHADIKAR,Independent,Applied,Maharashtra,WANI
HARIBHAU TUKARAM PATIL,Independent,Applied,Maharashtra,PACHORA
MAHESH ASHOKRAO GADRE,Independent,Applied,Maharashtra,ARVI
RAKESH HARGULAL WALMIKI,Independent,Applied,Maharashtra,PUNE CANTONMENT
VINOD BHAIYYALAL BHILAWEKAR,Independent,Applied,Maharashtra,MELGHAT
JAYASHRI AMOL JAWALE,Bharatiya Janata Party,Applied,Maharashtra,RAVER
NARAYAN TATOBA KALEL,Independent,Applied,Maharashtra,MAN
MANOJ SARANGDHAR LAHUDKAR,Independent,Applied,Maharashtra,CHIKHLI
KARBHARI SALUBA JADHAV,Independent,Applied,Maharashtra,GANGAPUR
ANIL BHAGWAT GOYKAR,Janhit Lokshahi Party,Applied,Maharashtra,LATUR RURAL
RAHUL RAJU NAVANDE,Prahar Janshakti Party,Applied,Maharashtra,MUKHED
JAYASHRI AMOL JAWALE,Bharatiya Janata Party,Applied,Maharashtra,RAVER
ANOMDARSHRI UDDHAVRAO BHAISARE,Bahujan Samaj Party,Applied,Maharashtra,WARDHA
KONALE BALAJI EKNATHRAO,Independent,Applied,Maharashtra,UMARGA
NAGESH VITTHAL NARALE,Independent,Applied,Maharashtra,MAN
ADV DHANANJAY SUBRAO DHABEKAR,Independent,Applied,Maharashtra,OSMANABAD
SANJAY SUBHASH KUMRE,Bahujan Samaj Party,Applied,Maharashtra,GADCHIROLI
LAXMAN GANPAT YEMALWAR,Independent,Applied,Maharashtra,NANDED SOUTH
